observation_date,DEXSLUS
2015-01-01,131.6075
2015-01-02,131.6075
2015-01-05,131.6075
2015-01-06,131.6075
2015-01-07,131.6075
2015-01-08,131.6075
2015-01-09,131.6075
2015-01-12,131.6075
2015-01-13,131.6075
2015-01-14,131.6075
2015-01-15,131.6075
2015-01-16,131.6075
2015-01-19,131.6075
2015-01-20,131.6075
2015-01-21,131.6075
2015-01-22,131.6075
2015-01-23,131.6075
2015-01-26,131.6075
2015-01-27,131.6075
2015-01-28,131.6075
2015-01-29,131.6075
2015-01-30,131.6075
2015-02-02,132.7221
2015-02-03,132.7221
2015-02-04,132.7221
2015-02-05,132.7221
2015-02-06,132.7221
2015-02-09,132.7221
2015-02-10,132.7221
2015-02-11,132.7221
2015-02-12,132.7221
2015-02-13,132.7221
2015-02-16,132.7221
2015-02-17,132.7221
2015-02-18,132.7221
2015-02-19,132.7221
2015-02-20,132.7221
2015-02-23,132.7221
2015-02-24,132.7221
2015-02-25,132.7221
2015-02-26,132.7221
2015-02-27,132.7221
2015-03-02,132.9500
2015-03-03,132.9500
2015-03-04,132.9500
2015-03-05,132.9500
2015-03-06,132.9500
2015-03-09,132.9500
2015-03-10,132.9500
2015-03-11,132.9500
2015-03-12,132.9500
2015-03-13,132.9500
2015-03-16,132.9500
2015-03-17,132.9500
2015-03-18,132.9500
2015-03-19,132.9500
2015-03-20,132.9500
2015-03-23,132.9500
2015-03-24,132.9500
2015-03-25,132.9500
2015-03-26,132.9500
2015-03-27,132.9500
2015-03-30,132.9500
2015-03-31,132.9500
2015-04-01,132.9227
2015-04-02,132.9227
2015-04-03,132.9227
2015-04-06,132.9227
2015-04-07,132.9227
2015-04-08,132.9227
2015-04-09,132.9227
2015-04-10,132.9227
2015-04-13,132.9227
2015-04-14,132.9227
2015-04-15,132.9227
2015-04-16,132.9227
2015-04-17,132.9227
2015-04-20,132.9227
2015-04-21,132.9227
2015-04-22,132.9227
2015-04-23,132.9227
2015-04-24,132.9227
2015-04-27,132.9227
2015-04-28,132.9227
2015-04-29,132.9227
2015-04-30,132.9227
2015-05-01,133.4600
2015-05-04,133.4600
2015-05-05,133.4600
2015-05-06,133.4600
2015-05-07,133.4600
2015-05-08,133.4600
2015-05-11,133.4600
2015-05-12,133.4600
2015-05-13,133.4600
2015-05-14,133.4600
2015-05-15,133.4600
2015-05-18,133.4600
2015-05-19,133.4600
2015-05-20,133.4600
2015-05-21,133.4600
2015-05-22,133.4600
2015-05-25,133.4600
2015-05-26,133.4600
2015-05-27,133.4600
2015-05-28,133.4600
2015-05-29,133.4600
2015-06-01,133.9382
2015-06-02,133.9382
2015-06-03,133.9382
2015-06-04,133.9382
2015-06-05,133.9382
2015-06-08,133.9382
2015-06-09,133.9382
2015-06-10,133.9382
2015-06-11,133.9382
2015-06-12,133.9382
2015-06-15,133.9382
2015-06-16,133.9382
2015-06-17,133.9382
2015-06-18,133.9382
2015-06-19,133.9382
2015-06-22,133.9382
2015-06-23,133.9382
2015-06-24,133.9382
2015-06-25,133.9382
2015-06-26,133.9382
2015-06-29,133.9382
2015-06-30,133.9382
2015-07-01,133.6818
2015-07-02,133.6818
2015-07-03,133.6818
2015-07-06,133.6818
2015-07-07,133.6818
2015-07-08,133.6818
2015-07-09,133.6818
2015-07-10,133.6818
2015-07-13,133.6818
2015-07-14,133.6818
2015-07-15,133.6818
2015-07-16,133.6818
2015-07-17,133.6818
2015-07-20,133.6818
2015-07-21,133.6818
2015-07-22,133.6818
2015-07-23,133.6818
2015-07-24,133.6818
2015-07-27,133.6818
2015-07-28,133.6818
2015-07-29,133.6818
2015-07-30,133.6818
2015-07-31,133.6818
2015-08-03,133.8519
2015-08-04,133.8519
2015-08-05,133.8519
2015-08-06,133.8519
2015-08-07,133.8519
2015-08-10,133.8519
2015-08-11,133.8519
2015-08-12,133.8519
2015-08-13,133.8519
2015-08-14,133.8519
2015-08-17,133.8519
2015-08-18,133.8519
2015-08-19,133.8519
2015-08-20,133.8519
2015-08-21,133.8519
2015-08-24,133.8519
2015-08-25,133.8519
2015-08-26,133.8519
2015-08-27,133.8519
2015-08-28,133.8519
2015-08-31,133.8519
2015-09-01,139.2329
2015-09-02,139.2329
2015-09-03,139.2329
2015-09-04,139.2329
2015-09-07,139.2329
2015-09-08,139.2329
2015-09-09,139.2329
2015-09-10,139.2329
2015-09-11,139.2329
2015-09-14,139.2329
2015-09-15,139.2329
2015-09-16,139.2329
2015-09-17,139.2329
2015-09-18,139.2329
2015-09-21,139.2329
2015-09-22,139.2329
2015-09-23,139.2329
2015-09-24,139.2329
2015-09-25,139.2329
2015-09-28,139.2329
2015-09-29,139.2329
2015-09-30,139.2329
2015-10-01,140.8510
2015-10-02,140.8510
2015-10-05,140.8510
2015-10-06,140.8510
2015-10-07,140.8510
2015-10-08,140.8510
2015-10-09,140.8510
2015-10-12,140.8510
2015-10-13,140.8510
2015-10-14,140.8510
2015-10-15,140.8510
2015-10-16,140.8510
2015-10-19,140.8510
2015-10-20,140.8510
2015-10-21,140.8510
2015-10-22,140.8510
2015-10-23,140.8510
2015-10-26,140.8510
2015-10-27,140.8510
2015-10-28,140.8510
2015-10-29,140.8510
2015-10-30,140.8510
2015-11-02,141.9637
2015-11-03,141.9637
2015-11-04,141.9637
2015-11-05,141.9637
2015-11-06,141.9637
2015-11-09,141.9637
2015-11-10,141.9637
2015-11-11,141.9637
2015-11-12,141.9637
2015-11-13,141.9637
2015-11-16,141.9637
2015-11-17,141.9637
2015-11-18,141.9637
2015-11-19,141.9637
2015-11-20,141.9637
2015-11-23,141.9637
2015-11-24,141.9637
2015-11-25,141.9637
2015-11-26,141.9637
2015-11-27,141.9637
2015-11-30,141.9637
2015-12-01,143.3350
2015-12-02,143.3350
2015-12-03,143.3350
2015-12-04,143.3350
2015-12-07,143.3350
2015-12-08,143.3350
2015-12-09,143.3350
2015-12-10,143.3350
2015-12-11,143.3350
2015-12-14,143.3350
2015-12-15,143.3350
2015-12-16,143.3350
2015-12-17,143.3350
2015-12-18,143.3350
2015-12-21,143.3350
2015-12-22,143.3350
2015-12-23,143.3350
2015-12-24,143.3350
2015-12-25,143.3350
2015-12-28,143.3350
2015-12-29,143.3350
2015-12-30,143.3350
2015-12-31,143.3350
2016-01-01,143.5505
2016-01-04,143.5505
2016-01-05,143.5505
2016-01-06,143.5505
2016-01-07,143.5505
2016-01-08,143.5505
2016-01-11,143.5505
2016-01-12,143.5505
2016-01-13,143.5505
2016-01-14,143.5505
2016-01-15,143.5505
2016-01-18,143.5505
2016-01-19,143.5505
2016-01-20,143.5505
2016-01-21,143.5505
2016-01-22,143.5505
2016-01-25,143.5505
2016-01-26,143.5505
2016-01-27,143.5505
2016-01-28,143.5505
2016-01-29,143.5505
2016-02-01,143.6390
2016-02-02,143.6390
2016-02-03,143.6390
2016-02-04,143.6390
2016-02-05,143.6390
2016-02-08,143.6390
2016-02-09,143.6390
2016-02-10,143.6390
2016-02-11,143.6390
2016-02-12,143.6390
2016-02-15,143.6390
2016-02-16,143.6390
2016-02-17,143.6390
2016-02-18,143.6390
2016-02-19,143.6390
2016-02-22,143.6390
2016-02-23,143.6390
2016-02-24,143.6390
2016-02-25,143.6390
2016-02-26,143.6390
2016-02-29,143.6390
2016-03-01,145.1335
2016-03-02,145.1335
2016-03-03,145.1335
2016-03-04,145.1335
2016-03-07,145.1335
2016-03-08,145.1335
2016-03-09,145.1335
2016-03-10,145.1335
2016-03-11,145.1335
2016-03-14,145.1335
2016-03-15,145.1335
2016-03-16,145.1335
2016-03-17,145.1335
2016-03-18,145.1335
2016-03-21,145.1335
2016-03-22,145.1335
2016-03-23,145.1335
2016-03-24,145.1335
2016-03-25,145.1335
2016-03-28,145.1335
2016-03-29,145.1335
2016-03-30,145.1335
2016-03-31,145.1335
2016-04-01,145.2019
2016-04-04,145.2019
2016-04-05,145.2019
2016-04-06,145.2019
2016-04-07,145.2019
2016-04-08,145.2019
2016-04-11,145.2019
2016-04-12,145.2019
2016-04-13,145.2019
2016-04-14,145.2019
2016-04-15,145.2019
2016-04-18,145.2019
2016-04-19,145.2019
2016-04-20,145.2019
2016-04-21,145.2019
2016-04-22,145.2019
2016-04-25,145.2019
2016-04-26,145.2019
2016-04-27,145.2019
2016-04-28,145.2019
2016-04-29,145.2019
2016-05-02,145.9081
2016-05-03,145.9081
2016-05-04,145.9081
2016-05-05,145.9081
2016-05-06,145.9081
2016-05-09,145.9081
2016-05-10,145.9081
2016-05-11,145.9081
2016-05-12,145.9081
2016-05-13,145.9081
2016-05-16,145.9081
2016-05-17,145.9081
2016-05-18,145.9081
2016-05-19,145.9081
2016-05-20,145.9081
2016-05-23,145.9081
2016-05-24,145.9081
2016-05-25,145.9081
2016-05-26,145.9081
2016-05-27,145.9081
2016-05-30,145.9081
2016-05-31,145.9081
2016-06-01,145.8609
2016-06-02,145.8609
2016-06-03,145.8609
2016-06-06,145.8609
2016-06-07,145.8609
2016-06-08,145.8609
2016-06-09,145.8609
2016-06-10,145.8609
2016-06-13,145.8609
2016-06-14,145.8609
2016-06-15,145.8609
2016-06-16,145.8609
2016-06-17,145.8609
2016-06-20,145.8609
2016-06-21,145.8609
2016-06-22,145.8609
2016-06-23,145.8609
2016-06-24,145.8609
2016-06-27,145.8609
2016-06-28,145.8609
2016-06-29,145.8609
2016-06-30,145.8609
2016-07-01,145.4010
2016-07-04,145.4010
2016-07-05,145.4010
2016-07-06,145.4010
2016-07-07,145.4010
2016-07-08,145.4010
2016-07-11,145.4010
2016-07-12,145.4010
2016-07-13,145.4010
2016-07-14,145.4010
2016-07-15,145.4010
2016-07-18,145.4010
2016-07-19,145.4010
2016-07-20,145.4010
2016-07-21,145.4010
2016-07-22,145.4010
2016-07-25,145.4010
2016-07-26,145.4010
2016-07-27,145.4010
2016-07-28,145.4010
2016-07-29,145.4010
2016-08-01,145.2035
2016-08-02,145.2035
2016-08-03,145.2035
2016-08-04,145.2035
2016-08-05,145.2035
2016-08-08,145.2035
2016-08-09,145.2035
2016-08-10,145.2035
2016-08-11,145.2035
2016-08-12,145.2035
2016-08-15,145.2035
2016-08-16,145.2035
2016-08-17,145.2035
2016-08-18,145.2035
2016-08-19,145.2035
2016-08-22,145.2035
2016-08-23,145.2035
2016-08-24,145.2035
2016-08-25,145.2035
2016-08-26,145.2035
2016-08-29,145.2035
2016-08-30,145.2035
2016-08-31,145.2035
2016-09-01,145.4581
2016-09-02,145.4581
2016-09-05,145.4581
2016-09-06,145.4581
2016-09-07,145.4581
2016-09-08,145.4581
2016-09-09,145.4581
2016-09-12,145.4581
2016-09-13,145.4581
2016-09-14,145.4581
2016-09-15,145.4581
2016-09-16,145.4581
2016-09-19,145.4581
2016-09-20,145.4581
2016-09-21,145.4581
2016-09-22,145.4581
2016-09-23,145.4581
2016-09-26,145.4581
2016-09-27,145.4581
2016-09-28,145.4581
2016-09-29,145.4581
2016-09-30,145.4581
2016-10-03,146.7600
2016-10-04,146.7600
2016-10-05,146.7600
2016-10-06,146.7600
2016-10-07,146.7600
2016-10-10,146.7600
2016-10-11,146.7600
2016-10-12,146.7600
2016-10-13,146.7600
2016-10-14,146.7600
2016-10-17,146.7600
2016-10-18,146.7600
2016-10-19,146.7600
2016-10-20,146.7600
2016-10-21,146.7600
2016-10-24,146.7600
2016-10-25,146.7600
2016-10-26,146.7600
2016-10-27,146.7600
2016-10-28,146.7600
2016-10-31,146.7600
2016-11-01,147.8100
2016-11-02,147.8100
2016-11-03,147.8100
2016-11-04,147.8100
2016-11-07,147.8100
2016-11-08,147.8100
2016-11-09,147.8100
2016-11-10,147.8100
2016-11-11,147.8100
2016-11-14,147.8100
2016-11-15,147.8100
2016-11-16,147.8100
2016-11-17,147.8100
2016-11-18,147.8100
2016-11-21,147.8100
2016-11-22,147.8100
2016-11-23,147.8100
2016-11-24,147.8100
2016-11-25,147.8100
2016-11-28,147.8100
2016-11-29,147.8100
2016-11-30,147.8100
2016-12-01,148.8152
2016-12-02,148.8152
2016-12-05,148.8152
2016-12-06,148.8152
2016-12-07,148.8152
2016-12-08,148.8152
2016-12-09,148.8152
2016-12-12,148.8152
2016-12-13,148.8152
2016-12-14,148.8152
2016-12-15,148.8152
2016-12-16,148.8152
2016-12-19,148.8152
2016-12-20,148.8152
2016-12-21,148.8152
2016-12-22,148.8152
2016-12-23,148.8152
2016-12-26,148.8152
2016-12-27,148.8152
2016-12-28,148.8152
2016-12-29,148.8152
2016-12-30,148.8152
2017-01-02,149.8342
2017-01-03,149.8342
2017-01-04,149.8342
2017-01-05,149.8342
2017-01-06,149.8342
2017-01-09,149.8342
2017-01-10,149.8342
2017-01-11,149.8342
2017-01-12,149.8342
2017-01-13,149.8342
2017-01-16,149.8342
2017-01-17,149.8342
2017-01-18,149.8342
2017-01-19,149.8342
2017-01-20,149.8342
2017-01-23,149.8342
2017-01-24,149.8342
2017-01-25,149.8342
2017-01-26,149.8342
2017-01-27,149.8342
2017-01-30,149.8342
2017-01-31,149.8342
2017-02-01,150.8721
2017-02-02,150.8721
2017-02-03,150.8721
2017-02-06,150.8721
2017-02-07,150.8721
2017-02-08,150.8721
2017-02-09,150.8721
2017-02-10,150.8721
2017-02-13,150.8721
2017-02-14,150.8721
2017-02-15,150.8721
2017-02-16,150.8721
2017-02-17,150.8721
2017-02-20,150.8721
2017-02-21,150.8721
2017-02-22,150.8721
2017-02-23,150.8721
2017-02-24,150.8721
2017-02-27,150.8721
2017-02-28,150.8721
2017-03-01,151.5048
2017-03-02,151.5048
2017-03-03,151.5048
2017-03-06,151.5048
2017-03-07,151.5048
2017-03-08,151.5048
2017-03-09,151.5048
2017-03-10,151.5048
2017-03-13,151.5048
2017-03-14,151.5048
2017-03-15,151.5048
2017-03-16,151.5048
2017-03-17,151.5048
2017-03-20,151.5048
2017-03-21,151.5048
2017-03-22,151.5048
2017-03-23,151.5048
2017-03-24,151.5048
2017-03-27,151.5048
2017-03-28,151.5048
2017-03-29,151.5048
2017-03-30,151.5048
2017-03-31,151.5048
2017-04-03,151.8620
2017-04-04,151.8620
2017-04-05,151.8620
2017-04-06,151.8620
2017-04-07,151.8620
2017-04-10,151.8620
2017-04-11,151.8620
2017-04-12,151.8620
2017-04-13,151.8620
2017-04-14,151.8620
2017-04-17,151.8620
2017-04-18,151.8620
2017-04-19,151.8620
2017-04-20,151.8620
2017-04-21,151.8620
2017-04-24,151.8620
2017-04-25,151.8620
2017-04-26,151.8620
2017-04-27,151.8620
2017-04-28,151.8620
2017-05-01,152.3909
2017-05-02,152.3909
2017-05-03,152.3909
2017-05-04,152.3909
2017-05-05,152.3909
2017-05-08,152.3909
2017-05-09,152.3909
2017-05-10,152.3909
2017-05-11,152.3909
2017-05-12,152.3909
2017-05-15,152.3909
2017-05-16,152.3909
2017-05-17,152.3909
2017-05-18,152.3909
2017-05-19,152.3909
2017-05-22,152.3909
2017-05-23,152.3909
2017-05-24,152.3909
2017-05-25,152.3909
2017-05-26,152.3909
2017-05-29,152.3909
2017-05-30,152.3909
2017-05-31,152.3909
2017-06-01,152.8082
2017-06-02,152.8082
2017-06-05,152.8082
2017-06-06,152.8082
2017-06-07,152.8082
2017-06-08,152.8082
2017-06-09,152.8082
2017-06-12,152.8082
2017-06-13,152.8082
2017-06-14,152.8082
2017-06-15,152.8082
2017-06-16,152.8082
2017-06-19,152.8082
2017-06-20,152.8082
2017-06-21,152.8082
2017-06-22,152.8082
2017-06-23,152.8082
2017-06-26,152.8082
2017-06-27,152.8082
2017-06-28,152.8082
2017-06-29,152.8082
2017-06-30,152.8082
2017-07-03,153.5875
2017-07-04,153.5875
2017-07-05,153.5875
2017-07-06,153.5875
2017-07-07,153.5875
2017-07-10,153.5875
2017-07-11,153.5875
2017-07-12,153.5875
2017-07-13,153.5875
2017-07-14,153.5875
2017-07-17,153.5875
2017-07-18,153.5875
2017-07-19,153.5875
2017-07-20,153.5875
2017-07-21,153.5875
2017-07-24,153.5875
2017-07-25,153.5875
2017-07-26,153.5875
2017-07-27,153.5875
2017-07-28,153.5875
2017-07-31,153.5875
2017-08-01,153.0978
2017-08-02,153.0978
2017-08-03,153.0978
2017-08-04,153.0978
2017-08-07,153.0978
2017-08-08,153.0978
2017-08-09,153.0978
2017-08-10,153.0978
2017-08-11,153.0978
2017-08-14,153.0978
2017-08-15,153.0978
2017-08-16,153.0978
2017-08-17,153.0978
2017-08-18,153.0978
2017-08-21,153.0978
2017-08-22,153.0978
2017-08-23,153.0978
2017-08-24,153.0978
2017-08-25,153.0978
2017-08-28,153.0978
2017-08-29,153.0978
2017-08-30,153.0978
2017-08-31,153.0978
2017-09-01,152.8125
2017-09-04,152.8125
2017-09-05,152.8125
2017-09-06,152.8125
2017-09-07,152.8125
2017-09-08,152.8125
2017-09-11,152.8125
2017-09-12,152.8125
2017-09-13,152.8125
2017-09-14,152.8125
2017-09-15,152.8125
2017-09-18,152.8125
2017-09-19,152.8125
2017-09-20,152.8125
2017-09-21,152.8125
2017-09-22,152.8125
2017-09-25,152.8125
2017-09-26,152.8125
2017-09-27,152.8125
2017-09-28,152.8125
2017-09-29,152.8125
2017-10-02,153.4905
2017-10-03,153.4905
2017-10-04,153.4905
2017-10-05,153.4905
2017-10-06,153.4905
2017-10-09,153.4905
2017-10-10,153.4905
2017-10-11,153.4905
2017-10-12,153.4905
2017-10-13,153.4905
2017-10-16,153.4905
2017-10-17,153.4905
2017-10-18,153.4905
2017-10-19,153.4905
2017-10-20,153.4905
2017-10-23,153.4905
2017-10-24,153.4905
2017-10-25,153.4905
2017-10-26,153.4905
2017-10-27,153.4905
2017-10-30,153.4905
2017-10-31,153.4905
2017-11-01,153.5925
2017-11-02,153.5925
2017-11-03,153.5925
2017-11-06,153.5925
2017-11-07,153.5925
2017-11-08,153.5925
2017-11-09,153.5925
2017-11-10,153.5925
2017-11-13,153.5925
2017-11-14,153.5925
2017-11-15,153.5925
2017-11-16,153.5925
2017-11-17,153.5925
2017-11-20,153.5925
2017-11-21,153.5925
2017-11-22,153.5925
2017-11-23,153.5925
2017-11-24,153.5925
2017-11-27,153.5925
2017-11-28,153.5925
2017-11-29,153.5925
2017-11-30,153.5925
2017-12-01,153.1085
2017-12-04,153.1085
2017-12-05,153.1085
2017-12-06,153.1085
2017-12-07,153.1085
2017-12-08,153.1085
2017-12-11,153.1085
2017-12-12,153.1085
2017-12-13,153.1085
2017-12-14,153.1085
2017-12-15,153.1085
2017-12-18,153.1085
2017-12-19,153.1085
2017-12-20,153.1085
2017-12-21,153.1085
2017-12-22,153.1085
2017-12-25,153.1085
2017-12-26,153.1085
2017-12-27,153.1085
2017-12-28,153.1085
2017-12-29,153.1085
2018-01-01,153.7452
2018-01-02,153.7452
2018-01-03,153.7452
2018-01-04,153.7452
2018-01-05,153.7452
2018-01-08,153.7452
2018-01-09,153.7452
2018-01-10,153.7452
2018-01-11,153.7452
2018-01-12,153.7452
2018-01-15,153.7452
2018-01-16,153.7452
2018-01-17,153.7452
2018-01-18,153.7452
2018-01-19,153.7452
2018-01-22,153.7452
2018-01-23,153.7452
2018-01-24,153.7452
2018-01-25,153.7452
2018-01-26,153.7452
2018-01-29,153.7452
2018-01-30,153.7452
2018-01-31,153.7452
2018-02-01,154.7737
2018-02-02,154.7737
2018-02-05,154.7737
2018-02-06,154.7737
2018-02-07,154.7737
2018-02-08,154.7737
2018-02-09,154.7737
2018-02-12,154.7737
2018-02-13,154.7737
2018-02-14,154.7737
2018-02-15,154.7737
2018-02-16,154.7737
2018-02-19,154.7737
2018-02-20,154.7737
2018-02-21,154.7737
2018-02-22,154.7737
2018-02-23,154.7737
2018-02-26,154.7737
2018-02-27,154.7737
2018-02-28,154.7737
2018-03-01,155.6386
2018-03-02,155.6386
2018-03-05,155.6386
2018-03-06,155.6386
2018-03-07,155.6386
2018-03-08,155.6386
2018-03-09,155.6386
2018-03-12,155.6386
2018-03-13,155.6386
2018-03-14,155.6386
2018-03-15,155.6386
2018-03-16,155.6386
2018-03-19,155.6386
2018-03-20,155.6386
2018-03-21,155.6386
2018-03-22,155.6386
2018-03-23,155.6386
2018-03-26,155.6386
2018-03-27,155.6386
2018-03-28,155.6386
2018-03-29,155.6386
2018-03-30,155.6386
2018-04-02,156.1857
2018-04-03,156.1857
2018-04-04,156.1857
2018-04-05,156.1857
2018-04-06,156.1857
2018-04-09,156.1857
2018-04-10,156.1857
2018-04-11,156.1857
2018-04-12,156.1857
2018-04-13,156.1857
2018-04-16,156.1857
2018-04-17,156.1857
2018-04-18,156.1857
2018-04-19,156.1857
2018-04-20,156.1857
2018-04-23,156.1857
2018-04-24,156.1857
2018-04-25,156.1857
2018-04-26,156.1857
2018-04-27,156.1857
2018-04-30,156.1857
2018-05-01,157.7527
2018-05-02,157.7527
2018-05-03,157.7527
2018-05-04,157.7527
2018-05-07,157.7527
2018-05-08,157.7527
2018-05-09,157.7527
2018-05-10,157.7527
2018-05-11,157.7527
2018-05-14,157.7527
2018-05-15,157.7527
2018-05-16,157.7527
2018-05-17,157.7527
2018-05-18,157.7527
2018-05-21,157.7527
2018-05-22,157.7527
2018-05-23,157.7527
2018-05-24,157.7527
2018-05-25,157.7527
2018-05-28,157.7527
2018-05-29,157.7527
2018-05-30,157.7527
2018-05-31,157.7527
2018-06-01,158.9619
2018-06-04,158.9619
2018-06-05,158.9619
2018-06-06,158.9619
2018-06-07,158.9619
2018-06-08,158.9619
2018-06-11,158.9619
2018-06-12,158.9619
2018-06-13,158.9619
2018-06-14,158.9619
2018-06-15,158.9619
2018-06-18,158.9619
2018-06-19,158.9619
2018-06-20,158.9619
2018-06-21,158.9619
2018-06-22,158.9619
2018-06-25,158.9619
2018-06-26,158.9619
2018-06-27,158.9619
2018-06-28,158.9619
2018-06-29,158.9619
2018-07-02,159.3548
2018-07-03,159.3548
2018-07-04,159.3548
2018-07-05,159.3548
2018-07-06,159.3548
2018-07-09,159.3548
2018-07-10,159.3548
2018-07-11,159.3548
2018-07-12,159.3548
2018-07-13,159.3548
2018-07-16,159.3548
2018-07-17,159.3548
2018-07-18,159.3548
2018-07-19,159.3548
2018-07-20,159.3548
2018-07-23,159.3548
2018-07-24,159.3548
2018-07-25,159.3548
2018-07-26,159.3548
2018-07-27,159.3548
2018-07-30,159.3548
2018-07-31,159.3548
2018-08-01,160.3217
2018-08-02,160.3217
2018-08-03,160.3217
2018-08-06,160.3217
2018-08-07,160.3217
2018-08-08,160.3217
2018-08-09,160.3217
2018-08-10,160.3217
2018-08-13,160.3217
2018-08-14,160.3217
2018-08-15,160.3217
2018-08-16,160.3217
2018-08-17,160.3217
2018-08-20,160.3217
2018-08-21,160.3217
2018-08-22,160.3217
2018-08-23,160.3217
2018-08-24,160.3217
2018-08-27,160.3217
2018-08-28,160.3217
2018-08-29,160.3217
2018-08-30,160.3217
2018-08-31,160.3217
2018-09-03,165.2237
2018-09-04,165.2237
2018-09-05,165.2237
2018-09-06,165.2237
2018-09-07,165.2237
2018-09-10,165.2237
2018-09-11,165.2237
2018-09-12,165.2237
2018-09-13,165.2237
2018-09-14,165.2237
2018-09-17,165.2237
2018-09-18,165.2237
2018-09-19,165.2237
2018-09-20,165.2237
2018-09-21,165.2237
2018-09-24,165.2237
2018-09-25,165.2237
2018-09-26,165.2237
2018-09-27,165.2237
2018-09-28,165.2237
2018-10-01,171.3614
2018-10-02,171.3614
2018-10-03,171.3614
2018-10-04,171.3614
2018-10-05,171.3614
2018-10-08,171.3614
2018-10-09,171.3614
2018-10-10,171.3614
2018-10-11,171.3614
2018-10-12,171.3614
2018-10-15,171.3614
2018-10-16,171.3614
2018-10-17,171.3614
2018-10-18,171.3614
2018-10-19,171.3614
2018-10-22,171.3614
2018-10-23,171.3614
2018-10-24,171.3614
2018-10-25,171.3614
2018-10-26,171.3614
2018-10-29,171.3614
2018-10-30,171.3614
2018-10-31,171.3614
2018-11-01,176.7275
2018-11-02,176.7275
2018-11-05,176.7275
2018-11-06,176.7275
2018-11-07,176.7275
2018-11-08,176.7275
2018-11-09,176.7275
2018-11-12,176.7275
2018-11-13,176.7275
2018-11-14,176.7275
2018-11-15,176.7275
2018-11-16,176.7275
2018-11-19,176.7275
2018-11-20,176.7275
2018-11-21,176.7275
2018-11-22,176.7275
2018-11-23,176.7275
2018-11-26,176.7275
2018-11-27,176.7275
2018-11-28,176.7275
2018-11-29,176.7275
2018-11-30,176.7275
2018-12-03,180.0794
2018-12-04,180.0794
2018-12-05,180.0794
2018-12-06,180.0794
2018-12-07,180.0794
2018-12-10,180.0794
2018-12-11,180.0794
2018-12-12,180.0794
2018-12-13,180.0794
2018-12-14,180.0794
2018-12-17,180.0794
2018-12-18,180.0794
2018-12-19,180.0794
2018-12-20,180.0794
2018-12-21,180.0794
2018-12-24,180.0794
2018-12-25,180.0794
2018-12-26,180.0794
2018-12-27,180.0794
2018-12-28,180.0794
2018-12-31,180.0794
2019-01-01,181.6025
2019-01-02,181.6025
2019-01-03,181.6025
2019-01-04,181.6025
2019-01-07,181.6025
2019-01-08,181.6025
2019-01-09,181.6025
2019-01-10,181.6025
2019-01-11,181.6025
2019-01-14,181.6025
2019-01-15,181.6025
2019-01-16,181.6025
2019-01-17,181.6025
2019-01-18,181.6025
2019-01-21,181.6025
2019-01-22,181.6025
2019-01-23,181.6025
2019-01-24,181.6025
2019-01-25,181.6025
2019-01-28,181.6025
2019-01-29,181.6025
2019-01-30,181.6025
2019-01-31,181.6025
2019-02-01,178.3944
2019-02-04,178.3944
2019-02-05,178.3944
2019-02-06,178.3944
2019-02-07,178.3944
2019-02-08,178.3944
2019-02-11,178.3944
2019-02-12,178.3944
2019-02-13,178.3944
2019-02-14,178.3944
2019-02-15,178.3944
2019-02-18,178.3944
2019-02-19,178.3944
2019-02-20,178.3944
2019-02-21,178.3944
2019-02-22,178.3944
2019-02-25,178.3944
2019-02-26,178.3944
2019-02-27,178.3944
2019-02-28,178.3944
2019-03-01,178.0952
2019-03-04,178.0952
2019-03-05,178.0952
2019-03-06,178.0952
2019-03-07,178.0952
2019-03-08,178.0952
2019-03-11,178.0952
2019-03-12,178.0952
2019-03-13,178.0952
2019-03-14,178.0952
2019-03-15,178.0952
2019-03-18,178.0952
2019-03-19,178.0952
2019-03-20,178.0952
2019-03-21,178.0952
2019-03-22,178.0952
2019-03-25,178.0952
2019-03-26,178.0952
2019-03-27,178.0952
2019-03-28,178.0952
2019-03-29,178.0952
2019-04-01,174.6432
2019-04-02,174.6432
2019-04-03,174.6432
2019-04-04,174.6432
2019-04-05,174.6432
2019-04-08,174.6432
2019-04-09,174.6432
2019-04-10,174.6432
2019-04-11,174.6432
2019-04-12,174.6432
2019-04-15,174.6432
2019-04-16,174.6432
2019-04-17,174.6432
2019-04-18,174.6432
2019-04-19,174.6432
2019-04-22,174.6432
2019-04-23,174.6432
2019-04-24,174.6432
2019-04-25,174.6432
2019-04-26,174.6432
2019-04-29,174.6432
2019-04-30,174.6432
2019-05-01,176.1500
2019-05-02,176.1500
2019-05-03,176.1500
2019-05-06,176.1500
2019-05-07,176.1500
2019-05-08,176.1500
2019-05-09,176.1500
2019-05-10,176.1500
2019-05-13,176.1500
2019-05-14,176.1500
2019-05-15,176.1500
2019-05-16,176.1500
2019-05-17,176.1500
2019-05-20,176.1500
2019-05-21,176.1500
2019-05-22,176.1500
2019-05-23,176.1500
2019-05-24,176.1500
2019-05-27,176.1500
2019-05-28,176.1500
2019-05-29,176.1500
2019-05-30,176.1500
2019-05-31,176.1500
2019-06-03,176.4635
2019-06-04,176.4635
2019-06-05,176.4635
2019-06-06,176.4635
2019-06-07,176.4635
2019-06-10,176.4635
2019-06-11,176.4635
2019-06-12,176.4635
2019-06-13,176.4635
2019-06-14,176.4635
2019-06-17,176.4635
2019-06-18,176.4635
2019-06-19,176.4635
2019-06-20,176.4635
2019-06-21,176.4635
2019-06-24,176.4635
2019-06-25,176.4635
2019-06-26,176.4635
2019-06-27,176.4635
2019-06-28,176.4635
2019-07-01,175.8832
2019-07-02,175.8832
2019-07-03,175.8832
2019-07-04,175.8832
2019-07-05,175.8832
2019-07-08,175.8832
2019-07-09,175.8832
2019-07-10,175.8832
2019-07-11,175.8832
2019-07-12,175.8832
2019-07-15,175.8832
2019-07-16,175.8832
2019-07-17,175.8832
2019-07-18,175.8832
2019-07-19,175.8832
2019-07-22,175.8832
2019-07-23,175.8832
2019-07-24,175.8832
2019-07-25,175.8832
2019-07-26,175.8832
2019-07-29,175.8832
2019-07-30,175.8832
2019-07-31,175.8832
2019-08-01,177.9386
2019-08-02,177.9386
2019-08-05,177.9386
2019-08-06,177.9386
2019-08-07,177.9386
2019-08-08,177.9386
2019-08-09,177.9386
2019-08-12,177.9386
2019-08-13,177.9386
2019-08-14,177.9386
2019-08-15,177.9386
2019-08-16,177.9386
2019-08-19,177.9386
2019-08-20,177.9386
2019-08-21,177.9386
2019-08-22,177.9386
2019-08-23,177.9386
2019-08-26,177.9386
2019-08-27,177.9386
2019-08-28,177.9386
2019-08-29,177.9386
2019-08-30,177.9386
2019-09-02,180.7975
2019-09-03,180.7975
2019-09-04,180.7975
2019-09-05,180.7975
2019-09-06,180.7975
2019-09-09,180.7975
2019-09-10,180.7975
2019-09-11,180.7975
2019-09-12,180.7975
2019-09-13,180.7975
2019-09-16,180.7975
2019-09-17,180.7975
2019-09-18,180.7975
2019-09-19,180.7975
2019-09-20,180.7975
2019-09-23,180.7975
2019-09-24,180.7975
2019-09-25,180.7975
2019-09-26,180.7975
2019-09-27,180.7975
2019-09-30,180.7975
2019-10-01,181.3155
2019-10-02,181.3155
2019-10-03,181.3155
2019-10-04,181.3155
2019-10-07,181.3155
2019-10-08,181.3155
2019-10-09,181.3155
2019-10-10,181.3155
2019-10-11,181.3155
2019-10-14,181.3155
2019-10-15,181.3155
2019-10-16,181.3155
2019-10-17,181.3155
2019-10-18,181.3155
2019-10-21,181.3155
2019-10-22,181.3155
2019-10-23,181.3155
2019-10-24,181.3155
2019-10-25,181.3155
2019-10-28,181.3155
2019-10-29,181.3155
2019-10-30,181.3155
2019-10-31,181.3155
2019-11-01,180.3111
2019-11-04,180.3111
2019-11-05,180.3111
2019-11-06,180.3111
2019-11-07,180.3111
2019-11-08,180.3111
2019-11-11,180.3111
2019-11-12,180.3111
2019-11-13,180.3111
2019-11-14,180.3111
2019-11-15,180.3111
2019-11-18,180.3111
2019-11-19,180.3111
2019-11-20,180.3111
2019-11-21,180.3111
2019-11-22,180.3111
2019-11-25,180.3111
2019-11-26,180.3111
2019-11-27,180.3111
2019-11-28,180.3111
2019-11-29,180.3111
2019-12-02,181.1976
2019-12-03,181.1976
2019-12-04,181.1976
2019-12-05,181.1976
2019-12-06,181.1976
2019-12-09,181.1976
2019-12-10,181.1976
2019-12-11,181.1976
2019-12-12,181.1976
2019-12-13,181.1976
2019-12-16,181.1976
2019-12-17,181.1976
2019-12-18,181.1976
2019-12-19,181.1976
2019-12-20,181.1976
2019-12-23,181.1976
2019-12-24,181.1976
2019-12-25,181.1976
2019-12-26,181.1976
2019-12-27,181.1976
2019-12-30,181.1976
2019-12-31,181.1976
2020-01-01,181.3219
2020-01-02,181.3219
2020-01-03,181.3219
2020-01-06,181.3219
2020-01-07,181.3219
2020-01-08,181.3219
2020-01-09,181.3219
2020-01-10,181.3219
2020-01-13,181.3219
2020-01-14,181.3219
2020-01-15,181.3219
2020-01-16,181.3219
2020-01-17,181.3219
2020-01-20,181.3219
2020-01-21,181.3219
2020-01-22,181.3219
2020-01-23,181.3219
2020-01-24,181.3219
2020-01-27,181.3219
2020-01-28,181.3219
2020-01-29,181.3219
2020-01-30,181.3219
2020-01-31,181.3219
2020-02-03,181.5016
2020-02-04,181.5016
2020-02-05,181.5016
2020-02-06,181.5016
2020-02-07,181.5016
2020-02-10,181.5016
2020-02-11,181.5016
2020-02-12,181.5016
2020-02-13,181.5016
2020-02-14,181.5016
2020-02-17,181.5016
2020-02-18,181.5016
2020-02-19,181.5016
2020-02-20,181.5016
2020-02-21,181.5016
2020-02-24,181.5016
2020-02-25,181.5016
2020-02-26,181.5016
2020-02-27,181.5016
2020-02-28,181.5016
2020-03-02,184.4095
2020-03-03,184.4095
2020-03-04,184.4095
2020-03-05,184.4095
2020-03-06,184.4095
2020-03-09,184.4095
2020-03-10,184.4095
2020-03-11,184.4095
2020-03-12,184.4095
2020-03-13,184.4095
2020-03-16,184.4095
2020-03-17,184.4095
2020-03-18,184.4095
2020-03-19,184.4095
2020-03-20,184.4095
2020-03-23,184.4095
2020-03-24,184.4095
2020-03-25,184.4095
2020-03-26,184.4095
2020-03-27,184.4095
2020-03-30,184.4095
2020-03-31,184.4095
2020-04-01,191.3536
2020-04-02,191.3536
2020-04-03,191.3536
2020-04-06,191.3536
2020-04-07,191.3536
2020-04-08,191.3536
2020-04-09,191.3536
2020-04-10,191.3536
2020-04-13,191.3536
2020-04-14,191.3536
2020-04-15,191.3536
2020-04-16,191.3536
2020-04-17,191.3536
2020-04-20,191.3536
2020-04-21,191.3536
2020-04-22,191.3536
2020-04-23,191.3536
2020-04-24,191.3536
2020-04-27,191.3536
2020-04-28,191.3536
2020-04-29,191.3536
2020-04-30,191.3536
2020-05-01,187.5425
2020-05-04,187.5425
2020-05-05,187.5425
2020-05-06,187.5425
2020-05-07,187.5425
2020-05-08,187.5425
2020-05-11,187.5425
2020-05-12,187.5425
2020-05-13,187.5425
2020-05-14,187.5425
2020-05-15,187.5425
2020-05-18,187.5425
2020-05-19,187.5425
2020-05-20,187.5425
2020-05-21,187.5425
2020-05-22,187.5425
2020-05-25,187.5425
2020-05-26,187.5425
2020-05-27,187.5425
2020-05-28,187.5425
2020-05-29,187.5425
2020-06-01,185.8705
2020-06-02,185.8705
2020-06-03,185.8705
2020-06-04,185.8705
2020-06-05,185.8705
2020-06-08,185.8705
2020-06-09,185.8705
2020-06-10,185.8705
2020-06-11,185.8705
2020-06-12,185.8705
2020-06-15,185.8705
2020-06-16,185.8705
2020-06-17,185.8705
2020-06-18,185.8705
2020-06-19,185.8705
2020-06-22,185.8705
2020-06-23,185.8705
2020-06-24,185.8705
2020-06-25,185.8705
2020-06-26,185.8705
2020-06-29,185.8705
2020-06-30,185.8705
2020-07-01,185.7377
2020-07-02,185.7377
2020-07-03,185.7377
2020-07-06,185.7377
2020-07-07,185.7377
2020-07-08,185.7377
2020-07-09,185.7377
2020-07-10,185.7377
2020-07-13,185.7377
2020-07-14,185.7377
2020-07-15,185.7377
2020-07-16,185.7377
2020-07-17,185.7377
2020-07-20,185.7377
2020-07-21,185.7377
2020-07-22,185.7377
2020-07-23,185.7377
2020-07-24,185.7377
2020-07-27,185.7377
2020-07-28,185.7377
2020-07-29,185.7377
2020-07-30,185.7377
2020-07-31,185.7377
2020-08-03,184.8529
2020-08-04,184.8529
2020-08-05,184.8529
2020-08-06,184.8529
2020-08-07,184.8529
2020-08-10,184.8529
2020-08-11,184.8529
2020-08-12,184.8529
2020-08-13,184.8529
2020-08-14,184.8529
2020-08-17,184.8529
2020-08-18,184.8529
2020-08-19,184.8529
2020-08-20,184.8529
2020-08-21,184.8529
2020-08-24,184.8529
2020-08-25,184.8529
2020-08-26,184.8529
2020-08-27,184.8529
2020-08-28,184.8529
2020-08-31,184.8529
2020-09-01,184.9519
2020-09-02,184.9519
2020-09-03,184.9519
2020-09-04,184.9519
2020-09-07,184.9519
2020-09-08,184.9519
2020-09-09,184.9519
2020-09-10,184.9519
2020-09-11,184.9519
2020-09-14,184.9519
2020-09-15,184.9519
2020-09-16,184.9519
2020-09-17,184.9519
2020-09-18,184.9519
2020-09-21,184.9519
2020-09-22,184.9519
2020-09-23,184.9519
2020-09-24,184.9519
2020-09-25,184.9519
2020-09-28,184.9519
2020-09-29,184.9519
2020-09-30,184.9519
2020-10-01,184.3767
2020-10-02,184.3767
2020-10-05,184.3767
2020-10-06,184.3767
2020-10-07,184.3767
2020-10-08,184.3767
2020-10-09,184.3767
2020-10-12,184.3767
2020-10-13,184.3767
2020-10-14,184.3767
2020-10-15,184.3767
2020-10-16,184.3767
2020-10-19,184.3767
2020-10-20,184.3767
2020-10-21,184.3767
2020-10-22,184.3767
2020-10-23,184.3767
2020-10-26,184.3767
2020-10-27,184.3767
2020-10-28,184.3767
2020-10-29,184.3767
2020-10-30,184.3767
2020-11-02,184.8094
2020-11-03,184.8094
2020-11-04,184.8094
2020-11-05,184.8094
2020-11-06,184.8094
2020-11-09,184.8094
2020-11-10,184.8094
2020-11-11,184.8094
2020-11-12,184.8094
2020-11-13,184.8094
2020-11-16,184.8094
2020-11-17,184.8094
2020-11-18,184.8094
2020-11-19,184.8094
2020-11-20,184.8094
2020-11-23,184.8094
2020-11-24,184.8094
2020-11-25,184.8094
2020-11-26,184.8094
2020-11-27,184.8094
2020-11-30,184.8094
2020-12-01,186.6329
2020-12-02,186.6329
2020-12-03,186.6329
2020-12-04,186.6329
2020-12-07,186.6329
2020-12-08,186.6329
2020-12-09,186.6329
2020-12-10,186.6329
2020-12-11,186.6329
2020-12-14,186.6329
2020-12-15,186.6329
2020-12-16,186.6329
2020-12-17,186.6329
2020-12-18,186.6329
2020-12-21,186.6329
2020-12-22,186.6329
2020-12-23,186.6329
2020-12-24,186.6329
2020-12-25,186.6329
2020-12-28,186.6329
2020-12-29,186.6329
2020-12-30,186.6329
2020-12-31,186.6329
2021-01-01,190.7628
2021-01-04,190.7628
2021-01-05,190.7628
2021-01-06,190.7628
2021-01-07,190.7628
2021-01-08,190.7628
2021-01-11,190.7628
2021-01-12,190.7628
2021-01-13,190.7628
2021-01-14,190.7628
2021-01-15,190.7628
2021-01-18,190.7628
2021-01-19,190.7628
2021-01-20,190.7628
2021-01-21,190.7628
2021-01-22,190.7628
2021-01-25,190.7628
2021-01-26,190.7628
2021-01-27,190.7628
2021-01-28,190.7628
2021-01-29,190.7628
2021-02-01,194.2947
2021-02-02,194.2947
2021-02-03,194.2947
2021-02-04,194.2947
2021-02-05,194.2947
2021-02-08,194.2947
2021-02-09,194.2947
2021-02-10,194.2947
2021-02-11,194.2947
2021-02-12,194.2947
2021-02-15,194.2947
2021-02-16,194.2947
2021-02-17,194.2947
2021-02-18,194.2947
2021-02-19,194.2947
2021-02-22,194.2947
2021-02-23,194.2947
2021-02-24,194.2947
2021-02-25,194.2947
2021-02-26,194.2947
2021-03-01,196.8809
2021-03-02,196.8809
2021-03-03,196.8809
2021-03-04,196.8809
2021-03-05,196.8809
2021-03-08,196.8809
2021-03-09,196.8809
2021-03-10,196.8809
2021-03-11,196.8809
2021-03-12,196.8809
